id,first name,last name,email,gender,ip_address
1,Karlee,Langhorne,klanghorne0@aboutads.info,Genderfluid,110.114.188.43
2,Ernie,Johncey,ejohncey1@mapquest.com,Non-binary,94.197.38.192
3,Tonie,Bettesworth,tbettesworth2@mozilla.com,Agender,203.163.187.75
4,Jecho,Realy,jrealy3@dmoz.org,Male,94.220.51.50
5,Onfre,Campaigne,ocampaigne4@ycombinator.com,Genderqueer,31.154.62.101
6,Jarrad,Andor,jandor5@yahoo.com,Bigender,77.190.251.52
7,Lorilyn,Varfolomeev,lvarfolomeev6@bbc.co.uk,Non-binary,255.212.170.2
8,Gerome,Rosas,grosas7@goodreads.com,Genderfluid,8.86.232.16
9,Fritz,Rusbridge,frusbridge8@bbb.org,Non-binary,73.124.205.68
10,Gar,Richard,grichard9@is.gd,Agender,52.241.115.253
11,Morton,Marwood,mmarwooda@imdb.com,Genderqueer,101.149.184.40
12,Caryn,Beston,cbestonb@youtube.com,Agender,104.9.254.217
13,Cecelia,Pindar,cpindarc@smh.com.au,Agender,162.87.207.92
14,Opal,Tebboth,otebbothd@mac.com,Non-binary,179.100.251.116
15,Maddie,Doman,mdomane@intel.com,Non-binary,132.69.171.135
16,Rayner,Ossenna,rossennaf@cbc.ca,Male,109.61.145.215
17,Tarra,Heymann,theymanng@cbslocal.com,Genderfluid,78.198.86.157
18,Zebulon,Overland,zoverlandh@washington.edu,Polygender,149.73.138.180
19,Fulton,Bonnell,fbonnelli@tumblr.com,Polygender,204.82.111.1
20,Stace,Mattessen,smattessenj@histats.com,Polygender,115.44.212.210
21,Winonah,Yockney,wyockneyk@merriam-webster.com,Female,12.214.38.215
22,Noelyn,Blant,nblantl@tumblr.com,Agender,85.217.147.251
23,Gilbertine,McClelland,gmcclellandm@sourceforge.net,Male,15.56.154.255
24,Vivyanne,Jepps,vjeppsn@tuttocitta.it,Polygender,5.10.236.178
25,Guglielma,Entres,gentreso@friendfeed.com,Genderqueer,183.232.124.124
26,Jolynn,Cullimore,jcullimorep@ted.com,Non-binary,88.147.31.62
27,Adrienne,Siviter,asiviterq@biglobe.ne.jp,Female,81.122.218.113
28,Yehudit,Lowdham,ylowdhamr@bloglines.com,Genderfluid,63.154.63.127
29,Reginauld,Cicullo,rcicullos@example.com,Male,3.155.227.1
30,Jacquelynn,Crighton,jcrightont@businesswire.com,Genderfluid,52.189.155.233
31,Fred,Liggons,fliggonsu@wikipedia.org,Female,57.250.106.205
32,Hester,Nockalls,hnockallsv@wp.com,Male,132.28.23.3
33,Darya,Gwyn,dgwynw@hp.com,Male,21.186.103.0
34,Elbert,Horwell,ehorwellx@google.es,Genderfluid,223.183.57.79
35,Gerrie,Proudlove,gproudlovey@hatena.ne.jp,Genderqueer,94.118.224.22
36,Tami,Charlon,tcharlonz@usnews.com,Male,214.149.1.234
37,Stephana,Glaze,sglaze10@flavors.me,Agender,40.95.220.93
38,Gabriele,Stallwood,gstallwood11@blogger.com,Agender,205.146.32.207
39,Harrie,Padley,hpadley12@so-net.ne.jp,Genderfluid,4.191.104.217
40,Holly-anne,Musterd,hmusterd13@abc.net.au,Polygender,230.100.253.47
41,Evonne,Karchewski,ekarchewski14@japanpost.jp,Female,146.62.245.79
42,Mickey,Bedson,mbedson15@uiuc.edu,Bigender,238.217.123.36
43,Hunfredo,Angrave,hangrave16@wikimedia.org,Agender,123.2.31.241
44,Reider,Glass,rglass17@com.com,Male,45.157.174.84
45,Ruthanne,Highnam,rhighnam18@is.gd,Genderqueer,108.53.94.149
46,Ancell,Barock,abarock19@chronoengine.com,Male,221.136.66.62
47,Clemmy,Beedie,cbeedie1a@mlb.com,Male,252.79.26.37
48,Annis,Campion,acampion1b@feedburner.com,Non-binary,197.250.215.142
49,Evvie,Beacon,ebeacon1c@furl.net,Female,249.202.49.73
50,Ilysa,McGready,imcgready1d@goo.ne.jp,Female,149.156.62.212
51,Carolynn,Dafforne,cdafforne1e@zimbio.com,Non-binary,11.175.251.166
52,Zulema,Helix,zhelix1f@columbia.edu,Bigender,77.217.217.121
53,Lindie,Veel,lveel1g@umn.edu,Female,196.34.35.24
54,Casie,Zecchetti,czecchetti1h@bloglines.com,Polygender,33.197.19.14
55,Gamaliel,Asaaf,gasaaf1i@dailymotion.com,Bigender,124.51.99.238
56,Baron,Petricek,bpetricek1j@dagondesign.com,Non-binary,243.129.159.239
57,Ruthe,Flemmich,rflemmich1k@aboutads.info,Genderqueer,140.161.18.36
58,Kylie,Gauch,kgauch1l@godaddy.com,Genderqueer,39.151.144.235
59,Roxi,Baldetti,rbaldetti1m@ucla.edu,Male,35.24.69.7
60,Yoshiko,Brittain,ybrittain1n@pagesperso-orange.fr,Genderqueer,111.79.218.223
61,Kippy,Frantsev,kfrantsev1o@mashable.com,Male,201.6.251.170
62,Ingeberg,Fabbri,ifabbri1p@hc360.com,Non-binary,154.132.86.180
63,Emilie,De Pietri,edepietri1q@thetimes.co.uk,Genderqueer,198.72.130.255
64,Nicola,Dickinson,ndickinson1r@ebay.com,Female,232.12.57.6
65,Jacklin,Sultan,jsultan1s@dailymotion.com,Female,7.93.185.125
66,Godiva,Jowers,gjowers1t@merriam-webster.com,Bigender,172.229.250.149
67,Juliann,La Torre,jlatorre1u@samsung.com,Polygender,144.145.176.184
68,Silvano,Gatward,sgatward1v@ning.com,Genderqueer,101.201.28.7
69,Margery,Duckels,mduckels1w@nyu.edu,Genderqueer,9.89.83.150
70,Alexio,Thornhill,athornhill1x@jigsy.com,Genderfluid,25.227.248.227
71,Merill,Dengel,mdengel1y@amazon.co.uk,Non-binary,132.28.106.20
72,Wayland,Necrews,wnecrews1z@drupal.org,Genderqueer,255.226.108.108
73,Kort,Bollen,kbollen20@posterous.com,Agender,17.167.3.86
74,Cordy,Logue,clogue21@nhs.uk,Non-binary,105.153.115.165
75,Natka,Orbon,norbon22@businessweek.com,Male,118.218.252.128
76,Gaby,Mapstone,gmapstone23@com.com,Male,168.166.124.90
77,Rod,Casterton,rcasterton24@icq.com,Male,171.221.7.20
78,Brien,Corbally,bcorbally25@jalbum.net,Agender,121.97.138.74
79,Thorndike,Beynkn,tbeynkn26@cyberchimps.com,Agender,252.176.71.109
80,Bendix,Paxton,bpaxton27@youku.com,Bigender,164.104.90.171
81,Eric,Kares,ekares28@blogs.com,Bigender,103.67.94.212
82,Paulie,Admans,padmans29@usa.gov,Male,48.188.17.171
83,Daron,Govan,dgovan2a@dot.gov,Male,202.218.151.199
84,Bent,Latus,blatus2b@purevolume.com,Genderfluid,216.248.171.0
85,Zach,Golds,zgolds2c@hud.gov,Bigender,115.196.188.73
86,Geraldine,Springtorpe,gspringtorpe2d@topsy.com,Genderfluid,65.221.214.115
87,Lorinda,Cockings,lcockings2e@furl.net,Polygender,174.112.247.114
88,Cornelle,Clyne,cclyne2f@cdc.gov,Polygender,10.9.166.89
89,Eldon,Bampkin,ebampkin2g@yelp.com,Female,228.142.5.35
90,Danita,Willson,dwillson2h@biglobe.ne.jp,Polygender,71.39.21.223
91,Lynnell,Gann,lgann2i@columbia.edu,Female,70.160.106.54
92,Maryjo,Lorence,mlorence2j@mac.com,Male,177.63.120.57
93,Alidia,Rowsell,arowsell2k@squarespace.com,Female,122.3.215.186
94,Horatia,Geikie,hgeikie2l@comcast.net,Male,217.124.14.175
95,Malinda,Fost,mfost2m@alexa.com,Female,23.91.205.49
96,Mannie,Dowderswell,mdowderswell2n@chronoengine.com,Female,40.180.120.190
97,Ulrich,Planks,uplanks2o@marketwatch.com,Male,0.96.223.243
98,Kirstyn,Royce,kroyce2p@elpais.com,Female,167.158.155.142
99,Farr,Symcox,fsymcox2q@cloudflare.com,Polygender,212.146.150.232
100,Corby,Hay,chay2r@newsvine.com,Female,194.66.0.43
101,Clint,Songhurst,csonghurst2s@scribd.com,Non-binary,110.7.172.212
102,Paulo,Causton,pcauston2t@storify.com,Agender,252.19.73.71
103,Ginnie,Roby,groby2u@latimes.com,Female,255.119.113.161
104,Garv,Gurery,ggurery2v@hibu.com,Genderqueer,193.0.32.32
105,Ranique,Lghan,rlghan2w@tinypic.com,Bigender,71.59.117.91
106,Padget,Jimmison,pjimmison2x@stanford.edu,Agender,109.176.219.34
107,Layton,Reedyhough,lreedyhough2y@nydailynews.com,Genderqueer,67.83.242.10
108,Rozanna,Garlinge,rgarlinge2z@bbc.co.uk,Polygender,188.148.104.168
109,Barron,Coley,bcoley30@yolasite.com,Polygender,226.188.244.119
110,Omero,Malamore,omalamore31@netlog.com,Bigender,5.6.214.227
111,Bo,Brunner,bbrunner32@amazon.com,Female,251.96.103.159
112,Calli,Croux,ccroux33@g.co,Bigender,96.106.94.183
113,Celie,Gerlts,cgerlts34@privacy.gov.au,Female,99.69.3.188
114,Joelly,Petruskevich,jpetruskevich35@etsy.com,Agender,64.128.24.243
115,Alison,MacArthur,amacarthur36@tripod.com,Polygender,250.101.139.15
116,Ebba,Cominoli,ecominoli37@typepad.com,Genderfluid,194.216.207.99
117,Quinta,Bilovsky,qbilovsky38@wunderground.com,Bigender,95.181.106.51
118,Trev,Bonnick,tbonnick39@ameblo.jp,Genderqueer,205.164.152.170
119,Shepperd,Blaszczynski,sblaszczynski3a@netvibes.com,Male,170.188.86.123
120,Stillman,Scaplehorn,sscaplehorn3b@google.cn,Bigender,151.225.166.210
121,Ruth,Drewett,rdrewett3c@eepurl.com,Male,164.129.254.25
122,Chery,Mowsdill,cmowsdill3d@tmall.com,Female,153.19.227.177
123,Karrah,Balint,kbalint3e@w3.org,Male,33.207.26.42
124,Isabella,Cloonan,icloonan3f@dmoz.org,Female,43.181.240.131
125,Lynne,Szymczyk,lszymczyk3g@ft.com,Bigender,24.240.98.14
126,Willie,Kimbrough,wkimbrough3h@disqus.com,Bigender,130.175.36.0
127,Danice,Whitley,dwhitley3i@creativecommons.org,Non-binary,142.14.36.135
128,Giordano,Dockray,gdockray3j@ezinearticles.com,Genderfluid,53.173.8.73
129,Madlin,Bartolomeu,mbartolomeu3k@fastcompany.com,Female,93.163.94.20
130,Ramsey,Birchenough,rbirchenough3l@vinaora.com,Genderqueer,49.61.10.156
131,Toddy,Stilgo,tstilgo3m@hhs.gov,Bigender,1.29.189.230
132,Gussi,Maciunas,gmaciunas3n@hibu.com,Polygender,76.71.31.0
133,Lay,Kellart,lkellart3o@ovh.net,Polygender,202.236.190.252
134,Jade,Crowther,jcrowther3p@cbslocal.com,Non-binary,90.104.166.92
135,Hilario,Asken,hasken3q@va.gov,Bigender,169.54.244.186
136,Dominic,Terbruggen,dterbruggen3r@joomla.org,Agender,173.198.37.165
137,Pearle,Rodnight,prodnight3s@google.de,Male,235.205.109.53
138,Zsa zsa,Enric,zenric3t@vimeo.com,Genderfluid,85.206.103.74
139,Margaux,Hamor,mhamor3u@seattletimes.com,Polygender,152.156.137.51
140,Alistair,Moth,amoth3v@yellowpages.com,Genderqueer,101.236.150.108
141,Laney,Baselli,lbaselli3w@tiny.cc,Bigender,132.34.179.172
142,Robina,Jimpson,rjimpson3x@mediafire.com,Male,107.83.86.159
143,Rodrick,Probyn,rprobyn3y@examiner.com,Non-binary,35.41.75.140
144,Jany,Figgess,jfiggess3z@nsw.gov.au,Genderfluid,36.197.20.125
145,Hervey,Epelett,hepelett40@indiatimes.com,Non-binary,103.174.109.197
146,Harri,Caneo,hcaneo41@ox.ac.uk,Male,193.193.95.25
147,Katharine,Cockitt,kcockitt42@gmpg.org,Genderfluid,90.230.114.194
148,Idelle,Allwood,iallwood43@samsung.com,Non-binary,255.2.55.117
149,Eduardo,Mc Andrew,emcandrew44@nasa.gov,Agender,202.169.140.167
150,Hallsy,Yonnie,hyonnie45@vkontakte.ru,Genderqueer,227.225.216.184
151,Natalya,Ennew,nennew46@t.co,Bigender,255.142.205.215
152,Reyna,Thurlby,rthurlby47@nsw.gov.au,Male,196.91.251.167
153,Mikel,Weedenburg,mweedenburg48@vimeo.com,Male,168.169.124.156
154,Brand,Kardos,bkardos49@lycos.com,Bigender,140.234.18.181
155,Adrian,Howett,ahowett4a@bigcartel.com,Bigender,27.129.74.15
156,Sharl,Dmitrievski,sdmitrievski4b@networkadvertising.org,Polygender,151.178.151.99
157,Mariquilla,Scatchar,mscatchar4c@seattletimes.com,Agender,97.40.4.100
158,Kirstin,Rolinson,krolinson4d@imdb.com,Male,215.98.93.126
159,Abbie,Kinkead,akinkead4e@dedecms.com,Bigender,145.179.168.66
160,Scarlet,Illwell,sillwell4f@cbsnews.com,Genderqueer,34.74.212.99
161,Hyacintha,Cottham,hcottham4g@tuttocitta.it,Polygender,213.151.37.112
162,Justin,Rosser,jrosser4h@oaic.gov.au,Female,51.160.57.77
163,Earle,Hoyle,ehoyle4i@redcross.org,Polygender,163.123.116.225
164,Virginie,Marrow,vmarrow4j@nhs.uk,Genderqueer,176.8.83.181
165,Konrad,Magee,kmagee4k@msn.com,Female,163.78.98.9
166,Claire,Donisthorpe,cdonisthorpe4l@pbs.org,Genderfluid,145.8.239.0
167,Devland,Elcocks,delcocks4m@360.cn,Agender,186.174.235.113
168,Beau,Pherps,bpherps4n@goodreads.com,Genderfluid,185.10.213.159
169,Trefor,Burde,tburde4o@comsenz.com,Male,96.205.52.251
170,Vick,Dorking,vdorking4p@alexa.com,Bigender,194.123.5.252
171,Corry,Quincey,cquincey4q@walmart.com,Male,64.239.47.135
172,Griz,Shephard,gshephard4r@edublogs.org,Male,204.20.180.173
173,Stephine,Poinsett,spoinsett4s@friendfeed.com,Polygender,33.156.82.71
174,Flinn,Conring,fconring4t@facebook.com,Bigender,168.138.109.14
175,Dorey,Mathevet,dmathevet4u@miitbeian.gov.cn,Polygender,227.198.212.231
176,Bevon,Killingbeck,bkillingbeck4v@etsy.com,Agender,236.198.181.1
177,Rafa,Patterfield,rpatterfield4w@wikia.com,Genderqueer,52.57.61.204
178,Phillip,Bohin,pbohin4x@si.edu,Genderqueer,112.93.252.60
179,Benedict,Bahlmann,bbahlmann4y@theatlantic.com,Genderfluid,10.249.81.30
180,Leonore,Garstang,lgarstang4z@cocolog-nifty.com,Female,135.197.32.212
181,Aldric,Shear,ashear50@mtv.com,Female,129.68.7.190
182,Nomi,Seviour,nseviour51@acquirethisname.com,Male,76.209.171.114
183,Carolyne,Baldry,cbaldry52@arizona.edu,Bigender,79.158.54.118
184,Reese,Ginnane,rginnane53@themeforest.net,Genderqueer,7.77.105.139
185,Derrek,Bosworth,dbosworth54@howstuffworks.com,Non-binary,41.142.28.189
186,Erv,Bartell,ebartell55@naver.com,Bigender,74.139.141.6
187,Maegan,Greig,mgreig56@csmonitor.com,Genderqueer,31.157.113.23
188,Sandro,Espie,sespie57@devhub.com,Bigender,163.150.38.28
189,Rooney,Aronstein,raronstein58@hao123.com,Non-binary,190.201.140.140
190,Bendicty,Burnsides,bburnsides59@whitehouse.gov,Polygender,212.35.18.133
191,Huntley,Caddies,hcaddies5a@blogs.com,Non-binary,16.224.209.207
192,Gearard,Darnbrough,gdarnbrough5b@indiatimes.com,Male,124.67.74.221
193,Roth,Thickin,rthickin5c@bandcamp.com,Male,234.19.66.241
194,Benji,Clemmensen,bclemmensen5d@craigslist.org,Genderfluid,79.189.21.57
195,Carlene,Huguenet,chuguenet5e@infoseek.co.jp,Polygender,198.10.1.133
196,Brenda,Blackstone,bblackstone5f@amazon.de,Polygender,63.176.243.134
197,Carin,Baiden,cbaiden5g@bigcartel.com,Male,25.159.187.159
198,Reinaldos,Dutton,rdutton5h@youku.com,Non-binary,215.146.215.50
199,Ginni,McGrayle,gmcgrayle5i@netvibes.com,Female,46.131.100.207
200,Birch,Bidewel,bbidewel5j@apache.org,Non-binary,135.144.35.237
201,Mata,Carvell,mcarvell5k@reference.com,Genderqueer,155.59.174.173
202,Lauri,Kachel,lkachel5l@pinterest.com,Non-binary,225.53.67.87
203,Thorvald,Pippard,tpippard5m@sakura.ne.jp,Bigender,89.220.49.225
204,Brigitta,Trim,btrim5n@github.io,Agender,51.28.193.211
205,Jerrie,Raywood,jraywood5o@canalblog.com,Polygender,194.134.117.2
206,Blinny,Felderer,bfelderer5p@answers.com,Genderfluid,235.30.108.130
207,Brigham,Sturm,bsturm5q@netlog.com,Agender,89.194.233.142
208,Joletta,Parkeson,jparkeson5r@squarespace.com,Agender,34.203.138.194
209,Granny,Nathon,gnathon5s@tinyurl.com,Bigender,35.7.46.73
210,Timi,Kelloway,tkelloway5t@t.co,Bigender,251.212.86.249
211,Glynn,Akker,gakker5u@ycombinator.com,Genderqueer,244.186.236.111
212,Avrit,Rove,arove5v@globo.com,Genderfluid,225.100.166.180
213,Piper,Marval,pmarval5w@nyu.edu,Genderqueer,155.25.181.154
214,Rebeka,Cheeney,rcheeney5x@washingtonpost.com,Non-binary,80.135.73.114
215,Ilyssa,Budding,ibudding5y@nasa.gov,Genderqueer,203.49.209.224
216,Harald,Yurivtsev,hyurivtsev5z@deviantart.com,Male,59.201.56.248
217,Duff,Lowell,dlowell60@microsoft.com,Genderqueer,193.92.95.132
218,Dagny,Bratch,dbratch61@altervista.org,Genderqueer,41.229.22.235
219,Yoshi,Headford,yheadford62@virginia.edu,Non-binary,80.138.217.92
220,Eddie,Shalliker,eshalliker63@jiathis.com,Agender,30.4.209.11
221,Karry,Gillingham,kgillingham64@nationalgeographic.com,Agender,221.157.250.25
222,Lissa,Bradane,lbradane65@umn.edu,Genderfluid,206.114.130.208
223,Christye,Behling,cbehling66@csmonitor.com,Genderqueer,66.219.183.37
224,Willi,Carriage,wcarriage67@sogou.com,Agender,138.72.204.148
225,Anna-maria,Jehaes,ajehaes68@amazon.co.uk,Male,179.173.179.184
226,Ken,Dallan,kdallan69@reddit.com,Non-binary,52.180.12.150
227,Barbabra,Burns,bburns6a@twitpic.com,Female,239.145.191.123
228,Benn,Frobisher,bfrobisher6b@4shared.com,Agender,73.142.91.89
229,Selestina,Ludwell,sludwell6c@ning.com,Agender,140.209.131.20
230,Harriot,Brandon,hbrandon6d@prweb.com,Bigender,178.135.204.179
231,Alvina,Mariault,amariault6e@symantec.com,Non-binary,128.9.51.148
232,Bethina,Bovey,bbovey6f@ameblo.jp,Female,147.31.226.114
233,Sidonnie,Bambrough,sbambrough6g@addtoany.com,Non-binary,232.190.92.253
234,Bartram,Schach,bschach6h@lulu.com,Genderfluid,39.86.66.109
235,Mahala,Matteacci,mmatteacci6i@stanford.edu,Agender,45.198.23.149
236,Frederico,Aylmore,faylmore6j@histats.com,Bigender,196.150.226.236
237,Bren,Songust,bsongust6k@mediafire.com,Non-binary,241.199.31.183
238,Glenda,Creeboe,gcreeboe6l@youku.com,Male,122.23.116.188
239,Cecelia,Emtage,cemtage6m@uiuc.edu,Male,85.204.191.89
240,Ulla,Flawith,uflawith6n@irs.gov,Bigender,84.87.16.183
241,Odilia,Eidler,oeidler6o@parallels.com,Genderfluid,62.54.87.31
242,Keefe,Domenichini,kdomenichini6p@merriam-webster.com,Genderqueer,25.225.201.164
243,Elsinore,Swinfon,eswinfon6q@umich.edu,Polygender,66.49.110.244
244,Virgina,Van der Kruys,vvanderkruys6r@china.com.cn,Bigender,170.202.216.167
245,Rob,Ferriby,rferriby6s@archive.org,Male,91.103.67.98
246,Charlton,Sink,csink6t@seattletimes.com,Agender,30.152.11.247
247,Natka,Eytel,neytel6u@twitpic.com,Agender,34.10.45.129
248,Patton,Fisbey,pfisbey6v@ebay.com,Female,35.105.65.60
249,Arch,Bonus,abonus6w@bluehost.com,Bigender,232.234.112.23
250,Niles,McPherson,nmcpherson6x@delicious.com,Polygender,44.20.105.201
251,Laughton,Finnemore,lfinnemore6y@wordpress.org,Non-binary,65.181.141.148
252,Keely,Davsley,kdavsley6z@discuz.net,Non-binary,154.230.5.182
253,Alaster,Packham,apackham70@businessinsider.com,Non-binary,10.167.161.201
254,Corie,Pusill,cpusill71@shutterfly.com,Genderfluid,51.167.46.203
255,Salim,Godard,sgodard72@dyndns.org,Bigender,148.233.182.209
256,Yolande,Punch,ypunch73@wikipedia.org,Female,130.230.238.43
257,Friederike,Thew,fthew74@scribd.com,Female,111.229.56.255
258,Enos,Beamond,ebeamond75@cyberchimps.com,Male,166.97.142.15
259,Flossy,Rumbelow,frumbelow76@wikipedia.org,Genderfluid,70.197.21.108
260,Donal,Grabban,dgrabban77@php.net,Male,40.91.241.250
261,Norri,Braams,nbraams78@europa.eu,Female,149.198.217.236
262,Esme,Raveau,eraveau79@rediff.com,Bigender,130.69.30.192
263,Con,Dufton,cdufton7a@acquirethisname.com,Bigender,91.32.157.17
264,Reta,Bende,rbende7b@1und1.de,Agender,162.218.74.20
265,Eziechiele,Catley,ecatley7c@yale.edu,Agender,126.134.175.89
266,Ulrikaumeko,Eberst,ueberst7d@utexas.edu,Agender,231.171.130.111
267,Birgit,Avrahm,bavrahm7e@trellian.com,Bigender,194.98.222.240
268,Gaby,Selliman,gselliman7f@unblog.fr,Genderqueer,157.230.238.155
269,Elsbeth,McGorman,emcgorman7g@archive.org,Male,20.135.115.41
270,Selene,Tonkin,stonkin7h@yahoo.com,Genderqueer,127.204.206.27
271,Debee,Trevers,dtrevers7i@ask.com,Genderqueer,82.22.92.101
272,Marchall,Iacovone,miacovone7j@friendfeed.com,Genderqueer,86.207.232.214
273,Marlyn,Carillo,mcarillo7k@nymag.com,Genderfluid,137.58.124.246
274,Aubrey,Tavener,atavener7l@google.co.jp,Polygender,91.186.117.1
275,Brenden,Kynton,bkynton7m@shutterfly.com,Genderfluid,125.162.136.81
276,Vasili,Smedmore,vsmedmore7n@prlog.org,Genderqueer,129.205.80.78
277,Philip,Thornton-Dewhirst,pthorntondewhirst7o@illinois.edu,Polygender,75.4.25.83
278,Guinna,Crawshay,gcrawshay7p@psu.edu,Genderqueer,67.255.118.10
279,Michael,Fratczak,mfratczak7q@multiply.com,Male,153.206.63.90
280,Avivah,Moultrie,amoultrie7r@csmonitor.com,Agender,220.95.222.89
281,Pippo,Sessions,psessions7s@springer.com,Genderfluid,88.175.244.147
282,Baudoin,Dewane,bdewane7t@yale.edu,Genderqueer,84.206.199.128
283,Vance,Spykins,vspykins7u@icio.us,Genderfluid,183.156.109.113
284,Hill,Fulleylove,hfulleylove7v@hostgator.com,Genderfluid,54.170.202.58
285,Arlyne,Armand,aarmand7w@answers.com,Polygender,178.194.32.223
286,Brander,Luxen,bluxen7x@reverbnation.com,Female,115.6.154.253
287,Valenka,Wetherby,vwetherby7y@typepad.com,Genderqueer,50.124.86.31
288,Stillmann,McCerery,smccerery7z@woothemes.com,Bigender,213.104.202.156
289,Gaylord,Alen,galen80@4shared.com,Non-binary,220.140.107.36
290,Eugenio,Attewell,eattewell81@nih.gov,Agender,167.126.42.145
291,Christean,Baptista,cbaptista82@apple.com,Agender,119.123.8.136
292,Concettina,Timperley,ctimperley83@goo.gl,Non-binary,19.98.150.103
293,Linzy,McCathy,lmccathy84@guardian.co.uk,Polygender,98.185.108.4
294,Dasya,Quogan,dquogan85@microsoft.com,Polygender,220.199.139.213
295,Rey,Lawless,rlawless86@surveymonkey.com,Female,59.158.117.72
296,Colly,Millar,cmillar87@stanford.edu,Male,110.67.186.213
297,Kahlil,Ashwell,kashwell88@dyndns.org,Agender,96.183.222.63
298,Wendall,Keeble,wkeeble89@zdnet.com,Bigender,86.58.212.67
299,Spencer,Dyett,sdyett8a@vinaora.com,Genderfluid,73.230.78.192
300,Kimberli,Wolfindale,kwolfindale8b@merriam-webster.com,Agender,144.191.120.77
301,Fredrika,Worsnop,fworsnop8c@usnews.com,Genderfluid,105.56.143.46
302,Sandi,Dobie,sdobie8d@examiner.com,Genderfluid,168.168.147.113
303,Currie,Kaiser,ckaiser8e@si.edu,Agender,102.198.116.216
304,Jeralee,Kornel,jkornel8f@a8.net,Female,228.94.75.8
305,Arleyne,Yerson,ayerson8g@ezinearticles.com,Male,254.87.84.83
306,Matthus,Voak,mvoak8h@microsoft.com,Non-binary,214.254.7.42
307,Kippy,Lundbech,klundbech8i@buzzfeed.com,Agender,226.56.9.117
308,Jillene,Iorizzi,jiorizzi8j@webs.com,Female,184.140.96.197
309,Delinda,Van Bruggen,dvanbruggen8k@facebook.com,Non-binary,57.189.183.154
310,Gardiner,Pabst,gpabst8l@theglobeandmail.com,Genderfluid,27.31.226.103
311,Joelle,Meecher,jmeecher8m@ocn.ne.jp,Male,211.121.175.1
312,Noreen,Southey,nsouthey8n@networkadvertising.org,Non-binary,150.9.252.160
313,Hynda,Gladman,hgladman8o@mail.ru,Bigender,55.171.255.141
314,Brynn,Sadlier,bsadlier8p@telegraph.co.uk,Bigender,220.223.69.254
315,Micheil,Bellany,mbellany8q@storify.com,Bigender,222.77.44.41
316,Giulio,Ray,gray8r@123-reg.co.uk,Male,180.206.85.14
317,Ker,Stace,kstace8s@icq.com,Genderfluid,91.14.40.205
318,Helyn,Roscow,hroscow8t@lulu.com,Agender,230.149.104.253
319,Imelda,Johl,ijohl8u@economist.com,Agender,104.91.57.83
320,Jacquette,Klamman,jklamman8v@sciencedirect.com,Female,241.112.126.48
321,Celestyn,Tallowin,ctallowin8w@tinypic.com,Genderfluid,19.22.39.253
322,Angeline,Pringell,apringell8x@hhs.gov,Bigender,115.23.74.230
323,Raddie,Pyke,rpyke8y@hexun.com,Bigender,20.37.138.213
324,Rollins,Shulem,rshulem8z@blogger.com,Polygender,87.228.106.132
325,Myrvyn,Southey,msouthey90@usatoday.com,Polygender,117.206.109.193
326,Linnie,Wynch,lwynch91@google.com,Female,136.57.179.237
327,Hansiain,Tessington,htessington92@alibaba.com,Polygender,47.103.255.99
328,Candie,Ducket,cducket93@google.ca,Genderqueer,73.34.107.57
329,Benjamin,Carriage,bcarriage94@diigo.com,Polygender,109.30.249.153
330,Gannon,Wayvill,gwayvill95@whitehouse.gov,Genderfluid,30.228.20.228
331,Eldon,Lehenmann,elehenmann96@ask.com,Non-binary,223.241.63.176
332,Beatrisa,Puddifer,bpuddifer97@lulu.com,Genderqueer,238.185.15.105
333,Bendite,Noddle,bnoddle98@webmd.com,Non-binary,167.26.101.137
334,Eran,Rigeby,erigeby99@tripod.com,Genderqueer,35.242.69.248
335,Markos,Joule,mjoule9a@patch.com,Genderfluid,85.134.85.57
336,Abramo,Piwall,apiwall9b@yahoo.co.jp,Agender,241.3.176.36
337,Gregorio,Kubelka,gkubelka9c@trellian.com,Male,161.73.139.77
338,Gerry,Oakes,goakes9d@eepurl.com,Non-binary,24.135.30.68
339,Daisi,Roadknight,droadknight9e@rediff.com,Bigender,201.225.221.166
340,Winna,Matthiesen,wmatthiesen9f@elegantthemes.com,Genderfluid,35.251.145.68
341,Cullen,Dominguez,cdominguez9g@state.tx.us,Female,254.136.185.194
342,Wallie,Yeoland,wyeoland9h@de.vu,Polygender,39.74.81.250
343,Mark,Simmon,msimmon9i@vistaprint.com,Polygender,227.248.103.176
344,Elfrieda,Wytchard,ewytchard9j@netscape.com,Polygender,106.88.108.202
345,Erl,Bartlam,ebartlam9k@theguardian.com,Genderfluid,158.8.12.91
346,Corly,Leivesley,cleivesley9l@biglobe.ne.jp,Female,54.140.168.165
347,Millicent,Ledford,mledford9m@exblog.jp,Genderqueer,163.25.102.124
348,Kendell,Puckrin,kpuckrin9n@newyorker.com,Female,248.251.37.78
349,Chilton,Rudwell,crudwell9o@nytimes.com,Female,168.174.53.89
350,Clareta,Goude,cgoude9p@bing.com,Agender,187.250.85.24
351,Bond,Weavers,bweavers9q@a8.net,Genderfluid,60.82.159.84
352,Ernestine,Coate,ecoate9r@dot.gov,Polygender,150.32.135.148
353,Kinnie,Rollett,krollett9s@skyrock.com,Female,28.126.171.54
354,Renato,Brewin,rbrewin9t@yolasite.com,Male,164.46.219.130
355,Blanche,Eskriett,beskriett9u@sogou.com,Polygender,222.117.184.108
356,Mac,MacDirmid,mmacdirmid9v@ihg.com,Bigender,178.130.63.57
357,Laird,Mees,lmees9w@oakley.com,Genderfluid,13.240.113.42
358,Herschel,Muspratt,hmuspratt9x@go.com,Male,166.119.150.16
359,Marika,de Mullett,mdemullett9y@sfgate.com,Female,74.219.222.153
360,Willyt,Passie,wpassie9z@odnoklassniki.ru,Genderqueer,123.235.181.123
361,Cristabel,Bentham,cbenthama0@mapquest.com,Non-binary,10.33.109.157
362,Eziechiele,Pugh,epugha1@timesonline.co.uk,Male,118.73.90.187
363,Aldo,De Vries,adevriesa2@fc2.com,Non-binary,168.201.190.176
364,Gustav,McNicol,gmcnicola3@telegraph.co.uk,Agender,55.200.255.142
365,Barnebas,Arundel,barundela4@illinois.edu,Genderfluid,87.88.137.186
366,Jenine,Feldbrin,jfeldbrina5@w3.org,Female,210.17.199.69
367,Goddart,Lesly,gleslya6@tripadvisor.com,Male,180.22.210.179
368,Christel,Argent,cargenta7@godaddy.com,Male,131.159.153.24
369,Madelon,Blencoe,mblencoea8@ox.ac.uk,Male,244.60.144.27
370,Adda,Van der Son,avandersona9@reuters.com,Genderqueer,174.79.98.47
371,Hans,Gudger,hgudgeraa@ihg.com,Non-binary,14.30.120.228
372,Wilfrid,Sinyard,wsinyardab@mayoclinic.com,Bigender,162.167.224.160
373,Lance,McVeigh,lmcveighac@sina.com.cn,Agender,43.200.151.105
374,Desdemona,Ellingworth,dellingworthad@who.int,Genderqueer,105.155.136.247
375,Davida,Reddecliffe,dreddecliffeae@hexun.com,Female,49.234.160.28
376,Licha,Vidyapin,lvidyapinaf@desdev.cn,Genderqueer,150.51.34.254
377,Brynn,Tansley,btansleyag@devhub.com,Genderfluid,2.138.19.136
378,Sabra,Adkins,sadkinsah@tripod.com,Genderfluid,188.208.109.171
379,Batsheva,Fasset,bfassetai@devhub.com,Genderqueer,58.225.86.89
380,Cari,Grubb,cgrubbaj@paginegialle.it,Genderqueer,148.143.215.4
381,Barbette,Parkey,bparkeyak@google.it,Female,238.234.165.75
382,Jeremy,Batter,jbatteral@omniture.com,Polygender,77.83.149.90
383,Willi,MacFall,wmacfallam@theguardian.com,Agender,207.100.99.164
384,Lacee,Tollerfield,ltollerfieldan@hostgator.com,Genderfluid,72.51.163.140
385,Sander,Tureville,sturevilleao@amazon.co.uk,Non-binary,194.3.206.213
386,Stanislaus,Silman,ssilmanap@youku.com,Genderqueer,118.101.214.204
387,Odille,Timperley,otimperleyaq@scientificamerican.com,Genderfluid,31.57.200.233
388,Zachary,Jantel,zjantelar@posterous.com,Bigender,35.105.233.136
389,Laurena,Avraham,lavrahamas@vkontakte.ru,Genderqueer,106.86.203.229
390,Osmund,O'Kieran,ookieranat@nih.gov,Agender,141.187.50.140
391,Darice,Harrad,dharradau@independent.co.uk,Genderqueer,38.94.81.37
392,Kissee,Breese,kbreeseav@japanpost.jp,Bigender,24.97.101.23
393,Dalli,Mulles,dmullesaw@earthlink.net,Bigender,154.206.142.252
394,Burl,Teck,bteckax@123-reg.co.uk,Bigender,5.146.26.60
395,Bogey,Hubery,bhuberyay@bing.com,Genderfluid,82.76.233.59
396,Teirtza,Eard,teardaz@dailymail.co.uk,Bigender,154.75.26.9
397,Barnabas,Ertelt,berteltb0@princeton.edu,Agender,5.197.98.64
398,Blondell,Reneke,brenekeb1@go.com,Polygender,228.130.41.159
399,Ysabel,Gomby,ygombyb2@omniture.com,Genderfluid,84.208.148.129
400,Delmor,Emanuel,demanuelb3@a8.net,Genderfluid,7.218.0.243
401,Felic,Emanuelov,femanuelovb4@dedecms.com,Genderqueer,146.183.11.178
402,Raul,Robardet,rrobardetb5@trellian.com,Polygender,176.91.198.87
403,Lockwood,Sigert,lsigertb6@cmu.edu,Agender,175.131.139.84
404,Marlyn,McDade,mmcdadeb7@tuttocitta.it,Genderfluid,108.20.201.70
405,Joleen,Merkel,jmerkelb8@123-reg.co.uk,Bigender,32.73.125.232
406,Perkin,Roscoe,proscoeb9@reverbnation.com,Polygender,26.245.146.149
407,Haleigh,Abdon,habdonba@admin.ch,Female,136.207.201.74
408,Frederik,Boik,fboikbb@yahoo.com,Genderqueer,203.15.62.61
409,Griffith,Crellim,gcrellimbc@mac.com,Female,50.177.13.175
410,Geno,Rawlcliffe,grawlcliffebd@usda.gov,Male,47.2.185.208
411,Sammie,Secrett,ssecrettbe@twitpic.com,Bigender,75.151.185.223
412,Gabriela,Readitt,greadittbf@noaa.gov,Non-binary,195.175.38.134
413,Howie,MacKeller,hmackellerbg@mashable.com,Genderfluid,217.108.181.80
414,Alena,Froggatt,afroggattbh@list-manage.com,Bigender,110.62.57.146
415,Gert,Doman,gdomanbi@japanpost.jp,Genderfluid,46.231.16.136
416,Olga,Buick,obuickbj@networkadvertising.org,Male,208.40.43.152
417,Burt,Metzke,bmetzkebk@answers.com,Agender,47.241.238.190
418,Alexia,Sheraton,asheratonbl@paypal.com,Female,209.81.65.0
419,Frieda,Drewell,fdrewellbm@issuu.com,Polygender,65.63.34.11
420,Tyne,Ossipenko,tossipenkobn@pen.io,Female,164.226.18.103
421,Nissie,Quilligan,nquilliganbo@globo.com,Female,78.162.101.121
422,Ursula,Hathwood,uhathwoodbp@odnoklassniki.ru,Genderfluid,223.167.122.22
423,Lannie,Pavia,lpaviabq@people.com.cn,Non-binary,1.13.92.188
424,Albrecht,Meacher,ameacherbr@hostgator.com,Agender,251.190.174.208
425,Rog,Growcott,rgrowcottbs@yahoo.com,Bigender,19.98.146.17
426,Murry,Fender,mfenderbt@nifty.com,Female,73.237.139.196
427,Jazmin,Vize,jvizebu@wisc.edu,Polygender,166.54.245.43
428,Cissiee,Rist,cristbv@trellian.com,Male,207.115.168.170
429,Kincaid,Eddy,keddybw@illinois.edu,Male,39.17.130.194
430,Oralla,Manson,omansonbx@tmall.com,Non-binary,7.14.200.136
431,Renie,Coumbe,rcoumbeby@scribd.com,Male,9.209.234.195
432,Olympie,Martignoni,omartignonibz@nbcnews.com,Genderfluid,163.136.81.86
433,Delmer,Dodswell,ddodswellc0@vistaprint.com,Genderfluid,166.170.133.248
434,Hewie,Tritten,htrittenc1@youku.com,Male,205.142.193.108
435,Lars,Mathey,lmatheyc2@posterous.com,Non-binary,218.186.115.252
436,Fredrika,Cowmeadow,fcowmeadowc3@wikia.com,Female,127.9.89.213
437,Kristal,Kuhwald,kkuhwaldc4@liveinternet.ru,Bigender,176.131.88.116
438,Lars,Playfoot,lplayfootc5@scribd.com,Genderqueer,63.79.28.149
439,Ellette,Tyler,etylerc6@g.co,Genderqueer,9.188.162.140
440,Tedra,Poller,tpollerc7@who.int,Genderfluid,66.121.227.54
441,Franchot,Cobden,fcobdenc8@java.com,Non-binary,78.29.247.222
442,Casper,Padberry,cpadberryc9@list-manage.com,Male,32.9.246.128
443,Emmerich,Marshman,emarshmanca@about.me,Polygender,129.166.90.228
444,Bob,Wudeland,bwudelandcb@so-net.ne.jp,Non-binary,104.41.163.233
445,Adan,Thackston,athackstoncc@japanpost.jp,Polygender,108.157.228.49
446,Pearl,Dymock,pdymockcd@uol.com.br,Female,131.59.30.101
447,Dalli,Ableson,dablesonce@timesonline.co.uk,Agender,238.95.148.75
448,Berenice,Menis,bmeniscf@wikia.com,Genderqueer,69.250.190.159
449,Ynes,Felder,yfeldercg@msu.edu,Female,181.27.241.212
450,Susanna,Pearcey,spearceych@cnn.com,Female,199.56.189.3
451,Dorie,Traviss,dtravissci@devhub.com,Male,59.113.88.158
452,Hewet,Cheeld,hcheeldcj@adobe.com,Agender,175.197.216.84
453,Lorrie,Parlott,lparlottck@naver.com,Non-binary,53.92.122.100
454,Cori,Robjant,crobjantcl@ebay.com,Female,178.197.230.103
455,Clari,Moar,cmoarcm@jiathis.com,Bigender,223.45.80.198
456,Ranee,Arkley,rarkleycn@amazon.de,Male,20.226.69.19
457,Wendi,Ellard,wellardco@hc360.com,Bigender,52.67.241.212
458,Jaine,Simson,jsimsoncp@biglobe.ne.jp,Genderfluid,240.117.104.31
459,Piotr,Gosnold,pgosnoldcq@timesonline.co.uk,Genderqueer,34.147.80.31
460,Marya,Payle,mpaylecr@discuz.net,Male,123.7.238.29
461,Denny,Gething,dgethingcs@ebay.com,Genderfluid,254.242.95.255
462,Boy,Yerrill,byerrillct@ihg.com,Bigender,211.15.233.39
463,Tracie,Tesyro,ttesyrocu@google.co.uk,Male,144.42.159.240
464,Ody,Gleave,ogleavecv@moonfruit.com,Bigender,249.82.131.92
465,Shaughn,Goodricke,sgoodrickecw@people.com.cn,Genderfluid,59.10.219.22
466,Colene,Lening,cleningcx@infoseek.co.jp,Non-binary,120.250.186.41
467,Mick,McGifford,mmcgiffordcy@domainmarket.com,Polygender,221.198.182.70
468,Standford,Besemer,sbesemercz@cnet.com,Male,200.221.231.162
469,Justine,Cayette,jcayetted0@t.co,Non-binary,82.15.58.1
470,Linnet,Lowrance,llowranced1@clickbank.net,Non-binary,22.86.12.24
471,Rubina,Hinder,rhinderd2@ovh.net,Non-binary,206.167.42.240
472,Wilt,Westrip,wwestripd3@acquirethisname.com,Male,93.49.185.132
473,Lena,Pumphrey,lpumphreyd4@vistaprint.com,Male,79.125.57.98
474,Thorndike,Littlemore,tlittlemored5@ibm.com,Agender,80.207.44.116
475,Elliot,Cardinale,ecardinaled6@behance.net,Polygender,186.84.47.187
476,Alfi,Emons,aemonsd7@craigslist.org,Non-binary,92.85.67.98
477,Maisie,Darville,mdarvilled8@cisco.com,Non-binary,237.197.193.46
478,Cass,Feavers,cfeaversd9@theglobeandmail.com,Genderqueer,100.240.92.70
479,Gladys,Zanettini,gzanettinida@nature.com,Polygender,60.108.127.192
480,Alix,Desseine,adesseinedb@cnet.com,Non-binary,162.1.221.214
481,Lelia,Thacker,lthackerdc@guardian.co.uk,Female,183.171.168.200
482,Frank,Ganing,fganingdd@simplemachines.org,Non-binary,8.69.95.194
483,Freeland,Vsanelli,fvsanellide@netvibes.com,Genderfluid,173.196.208.205
484,Rosalinde,Fleeman,rfleemandf@si.edu,Male,33.92.29.239
485,Allyson,Cowely,acowelydg@cbsnews.com,Bigender,239.100.107.144
486,Amii,Darcy,adarcydh@mozilla.org,Polygender,108.178.180.96
487,Parker,Coleby,pcolebydi@globo.com,Polygender,169.54.239.108
488,Janifer,Bettridge,jbettridgedj@washingtonpost.com,Genderqueer,200.218.247.74
489,Tad,Chettoe,tchettoedk@seesaa.net,Agender,45.53.235.135
490,Zachariah,Westhoff,zwesthoffdl@bandcamp.com,Male,28.255.123.173
491,Maud,Strowan,mstrowandm@exblog.jp,Female,216.114.86.180
492,Oralla,McCaughren,omccaughrendn@merriam-webster.com,Genderfluid,30.73.118.221
493,Giacinta,Bleier,gbleierdo@phoca.cz,Male,18.88.97.133
494,Billy,Isakovitch,bisakovitchdp@salon.com,Female,226.245.210.249
495,Charo,Seadon,cseadondq@fda.gov,Non-binary,213.45.167.48
496,Vickie,Barnewall,vbarnewalldr@adobe.com,Male,172.141.48.241
497,Aurelea,Ortelt,aorteltds@telegraph.co.uk,Female,18.34.230.98
498,Hersch,McShirrie,hmcshirriedt@europa.eu,Male,92.233.58.96
499,Alessandra,Lobe,alobedu@washingtonpost.com,Agender,10.13.135.205
500,Francesco,Mahony,fmahonydv@dailymail.co.uk,Non-binary,100.25.183.142
501,Hilliary,Western,hwesterndw@rakuten.co.jp,Non-binary,108.65.27.237
502,Kip,Beeze,kbeezedx@mediafire.com,Genderqueer,26.35.190.149
503,Alisun,Smiz,asmizdy@deviantart.com,Male,116.187.52.236
504,Avrom,Gingle,agingledz@tripadvisor.com,Male,30.111.215.106
505,Sean,Obispo,sobispoe0@springer.com,Genderqueer,237.205.254.207
506,Bernice,Wilding,bwildinge1@sitemeter.com,Agender,15.63.236.43
507,Barbabas,Kingaby,bkingabye2@bing.com,Polygender,252.85.127.140
508,Aubrey,Glawsop,aglawsope3@usnews.com,Polygender,178.74.233.65
509,Gustav,Remmer,gremmere4@indiatimes.com,Female,75.40.151.111
510,Starlene,Pauletto,spaulettoe5@wordpress.com,Male,94.207.115.86
511,Sallyanne,Drogan,sdrogane6@fc2.com,Non-binary,119.91.161.121
512,Bryna,Shutt,bshutte7@adobe.com,Male,230.25.57.255
513,Salomon,Piscopiello,spiscopielloe8@naver.com,Male,228.67.189.38
514,Clim,Brumfield,cbrumfielde9@wikispaces.com,Bigender,56.163.238.189
515,Gusella,Round,groundea@state.gov,Polygender,16.45.239.104
516,Tedi,Castanares,tcastanareseb@google.com.br,Polygender,170.105.254.154
517,Corny,Bromige,cbromigeec@dailymail.co.uk,Non-binary,240.216.175.165
518,Ewell,Welton,eweltoned@liveinternet.ru,Female,91.122.109.205
519,Carlita,Trowel,ctrowelee@latimes.com,Genderqueer,132.248.247.122
520,Kath,Kindread,kkindreadef@prlog.org,Non-binary,123.5.118.214
521,Kareem,Haldene,khaldeneeg@webnode.com,Non-binary,50.42.24.201
522,Willette,Oventon,woventoneh@uiuc.edu,Non-binary,168.249.13.118
523,Owen,Nock,onockei@wisc.edu,Polygender,63.159.111.165
524,Juanita,Kliemke,jkliemkeej@buzzfeed.com,Male,173.92.120.232
525,Jerome,Camblin,jcamblinek@narod.ru,Bigender,24.84.37.132
526,Chaddy,Tesche,ctescheel@soup.io,Bigender,56.54.134.50
527,Jen,Kynder,jkynderem@japanpost.jp,Female,73.190.42.249
528,Emalee,Horsted,ehorsteden@amazonaws.com,Female,204.11.127.136
529,Ambur,Slevin,aslevineo@yelp.com,Male,103.184.4.23
530,Sadie,Tassell,stassellep@ed.gov,Non-binary,77.148.27.87
531,Skip,Cobbe,scobbeeq@google.it,Polygender,136.138.238.129
532,Angelita,Rohlfing,arohlfinger@sohu.com,Female,53.58.239.7
533,Fowler,Pierton,fpiertones@cisco.com,Non-binary,221.15.140.102
534,Reggie,Stanfield,rstanfieldet@guardian.co.uk,Female,97.240.90.99
535,Killian,Emanuele,kemanueleeu@ameblo.jp,Polygender,50.40.18.53
536,Rhonda,Riddles,rriddlesev@com.com,Agender,132.96.187.57
537,Chastity,Dineen,cdineenew@vinaora.com,Bigender,212.124.168.145
538,Charley,D'Hooge,cdhoogeex@unblog.fr,Female,67.201.176.74
539,Salvador,Winders,swindersey@admin.ch,Non-binary,243.106.76.215
540,Burk,Gong,bgongez@craigslist.org,Agender,97.195.144.101
541,Matthew,Maureen,mmaureenf0@cargocollective.com,Genderfluid,222.28.193.119
542,Jenine,Monck,jmonckf1@webs.com,Bigender,233.190.168.54
543,Marillin,Paulig,mpauligf2@hatena.ne.jp,Polygender,98.25.163.5
544,Noam,Tollow,ntollowf3@typepad.com,Polygender,134.35.96.145
545,Thaddus,Athersmith,tathersmithf4@addthis.com,Polygender,32.108.144.40
546,Rosemarie,Hyrons,rhyronsf5@reddit.com,Male,251.61.3.117
547,Vito,Benstead,vbensteadf6@cbslocal.com,Female,7.57.36.79
548,Rosa,Shearman,rshearmanf7@sogou.com,Genderqueer,127.114.93.80
549,Charley,Matteoli,cmatteolif8@macromedia.com,Agender,7.8.76.162
550,Nanon,Hazeley,nhazeleyf9@mapy.cz,Agender,201.180.90.94
551,Martita,Burgoyne,mburgoynefa@scribd.com,Polygender,160.194.116.250
552,Timmi,Barff,tbarfffb@smugmug.com,Genderfluid,193.72.66.109
553,Theresa,Akhurst,takhurstfc@purevolume.com,Genderfluid,40.100.106.156
554,Sherm,Sage,ssagefd@fastcompany.com,Male,100.57.157.70
555,Alberta,Jirsa,ajirsafe@exblog.jp,Genderqueer,128.118.117.34
556,Onida,Telling,otellingff@simplemachines.org,Polygender,41.141.248.67
557,Darcy,Badby,dbadbyfg@walmart.com,Genderqueer,204.86.42.2
558,Gerome,Marklund,gmarklundfh@cpanel.net,Genderfluid,232.139.87.70
559,Warren,Fante,wfantefi@ehow.com,Bigender,214.229.102.231
560,Miles,Sawyer,msawyerfj@163.com,Genderfluid,4.224.17.121
561,Vachel,Kingzett,vkingzettfk@tinypic.com,Genderfluid,127.37.211.20
562,Artair,Witherington,awitheringtonfl@zdnet.com,Bigender,130.1.49.78
563,Layney,Astbery,lastberyfm@yahoo.co.jp,Polygender,126.253.49.151
564,Bryon,Breens,bbreensfn@bigcartel.com,Bigender,25.70.151.136
565,Steward,Greir,sgreirfo@cbc.ca,Genderqueer,211.96.171.168
566,Brianne,Mortel,bmortelfp@cbsnews.com,Genderqueer,118.117.9.47
567,Eb,Sirl,esirlfq@livejournal.com,Female,1.18.18.97
568,Dannye,Malyan,dmalyanfr@buzzfeed.com,Bigender,248.144.37.5
569,Valma,Tillerton,vtillertonfs@google.cn,Non-binary,163.90.168.213
570,Jory,Turone,jturoneft@miitbeian.gov.cn,Bigender,17.152.168.59
571,Klarrisa,Langlands,klanglandsfu@google.de,Genderqueer,250.169.59.199
572,Barr,Markovich,bmarkovichfv@sfgate.com,Genderfluid,19.135.245.219
573,Marrilee,Grindle,mgrindlefw@phoca.cz,Genderqueer,188.244.217.134
574,Taber,Jikylls,tjikyllsfx@goodreads.com,Non-binary,114.52.216.124
575,Dilan,Royl,droylfy@paypal.com,Agender,4.2.144.188
576,Margret,Gajownik,mgajownikfz@devhub.com,Bigender,227.45.192.132
577,Stuart,Yokel,syokelg0@bloomberg.com,Polygender,98.247.22.163
578,Hunter,Draysey,hdrayseyg1@skyrock.com,Genderqueer,232.162.134.87
579,Adolpho,Espinay,aespinayg2@clickbank.net,Genderqueer,155.215.137.202
580,Vanya,Tarbatt,vtarbattg3@etsy.com,Female,155.115.180.99
581,Corry,Wooles,cwoolesg4@weebly.com,Male,228.9.29.153
582,Obidiah,Benzie,obenzieg5@purevolume.com,Agender,50.122.54.235
583,Adler,Yarmouth,ayarmouthg6@chron.com,Bigender,135.221.246.10
584,Carmelina,Ashling,cashlingg7@mtv.com,Genderqueer,90.193.76.121
585,Jorge,Branch,jbranchg8@fema.gov,Male,170.20.83.157
586,Sorcha,Petracchi,spetracchig9@bloomberg.com,Genderfluid,66.60.154.97
587,Curt,Dilks,cdilksga@unesco.org,Male,59.61.174.65
588,Rozalie,Liversley,rliversleygb@tripadvisor.com,Genderfluid,130.162.174.13
589,Sol,Jeal,sjealgc@washington.edu,Non-binary,228.5.215.44
590,Jonis,Rawlins,jrawlinsgd@domainmarket.com,Genderfluid,111.181.252.191
591,Ruth,Hegg,rheggge@cnet.com,Non-binary,187.114.190.241
592,Florance,Asher,fashergf@discuz.net,Genderqueer,177.65.81.128
593,Caryl,Salvati,csalvatigg@google.fr,Agender,81.143.191.90
594,Colly,Tillett,ctillettgh@csmonitor.com,Genderqueer,215.123.72.247
595,Land,Machan,lmachangi@techcrunch.com,Bigender,55.79.199.103
596,Luther,Metschke,lmetschkegj@bloomberg.com,Genderfluid,227.35.120.31
597,Alexandro,Hay,ahaygk@ucla.edu,Non-binary,45.5.116.216
598,Cecilius,Melior,cmeliorgl@nps.gov,Polygender,249.152.165.161
599,Melba,Lowder,mlowdergm@wikia.com,Male,243.112.157.128
600,Danny,Pinke,dpinkegn@cisco.com,Agender,93.153.135.29
601,Barbee,Pickburn,bpickburngo@rambler.ru,Genderfluid,42.143.48.164
602,Carine,Sunnex,csunnexgp@woothemes.com,Agender,162.123.247.169
603,Rosy,Tuff,rtuffgq@webeden.co.uk,Polygender,47.116.139.229
604,Shepherd,Piecha,spiechagr@free.fr,Genderfluid,209.173.231.7
605,Tandy,Carnell,tcarnellgs@dot.gov,Non-binary,147.24.156.206
606,Martita,Ewins,mewinsgt@unesco.org,Male,180.176.50.170
607,Barbara,St Pierre,bstpierregu@yale.edu,Female,55.227.143.148
608,Asher,Richardsson,arichardssongv@archive.org,Bigender,117.168.154.145
609,Kalvin,Bohden,kbohdengw@jalbum.net,Agender,128.196.111.45
610,Carlita,Hulls,chullsgx@webs.com,Polygender,32.225.211.153
611,Dominique,Hales,dhalesgy@woothemes.com,Non-binary,80.54.97.134
612,Hugues,Brambell,hbrambellgz@about.me,Agender,159.102.93.70
613,Bartlett,Boyat,bboyath0@seattletimes.com,Female,68.69.70.230
614,Jenica,Worthy,jworthyh1@imdb.com,Male,106.88.33.214
615,Emmalynne,Chisholme,echisholmeh2@gov.uk,Female,231.150.3.234
616,Terri-jo,Pitman,tpitmanh3@wiley.com,Agender,182.54.28.96
617,Elsbeth,Babcock,ebabcockh4@youtube.com,Male,21.165.183.219
618,Wiatt,Kentish,wkentishh5@feedburner.com,Genderqueer,246.112.133.122
619,Gardiner,Grocock,ggrocockh6@last.fm,Male,25.84.35.82
620,Kev,Heinl,kheinlh7@surveymonkey.com,Non-binary,82.208.219.69
621,Zora,D'Enrico,zdenricoh8@princeton.edu,Non-binary,57.178.166.75
622,Tomasine,Ludl,tludlh9@auda.org.au,Female,149.35.97.60
623,Ford,Metson,fmetsonha@uol.com.br,Non-binary,149.62.0.135
624,Denise,Rozsa,drozsahb@craigslist.org,Polygender,127.48.162.79
625,Emmie,Gagie,egagiehc@addthis.com,Female,94.222.72.131
626,Thaddeus,Barsby,tbarsbyhd@cbc.ca,Agender,23.210.29.127
627,Odo,Cescotti,ocescottihe@naver.com,Polygender,16.173.212.62
628,Inglebert,Halleybone,ihalleybonehf@businessweek.com,Male,114.203.177.179
629,Edgar,Erb,eerbhg@wikia.com,Genderfluid,169.43.16.83
630,Fletcher,Landall,flandallhh@infoseek.co.jp,Genderqueer,59.240.19.72
631,Pinchas,Melling,pmellinghi@omniture.com,Agender,244.172.163.87
632,Lane,Pashen,lpashenhj@sbwire.com,Non-binary,195.239.177.207
633,Ilysa,Testin,itestinhk@google.com.au,Bigender,154.46.15.234
634,Roman,Saterweyte,rsaterweytehl@msn.com,Female,96.133.39.77
635,Darbee,Oxby,doxbyhm@loc.gov,Polygender,51.197.230.41
636,Neale,Corain,ncorainhn@sciencedaily.com,Non-binary,146.0.10.142
637,Wiley,Scutts,wscuttsho@purevolume.com,Non-binary,167.94.42.195
638,Stephannie,Zanettini,szanettinihp@newsvine.com,Bigender,228.34.97.17
639,Theodosia,Hudless,thudlesshq@cafepress.com,Genderfluid,9.39.99.148
640,Bryanty,Ducroe,bducroehr@digg.com,Agender,119.99.237.202
641,Eleonore,Dudderidge,edudderidgehs@typepad.com,Agender,203.251.179.171
642,Bil,Lukock,blukockht@yolasite.com,Genderfluid,193.178.225.13
643,Kleon,Towl,ktowlhu@uol.com.br,Polygender,136.136.127.153
644,Hunter,Ellard,hellardhv@intel.com,Female,233.217.203.204
645,Florencia,Drance,fdrancehw@vkontakte.ru,Polygender,112.56.180.187
646,Penn,Flaverty,pflavertyhx@baidu.com,Male,71.144.81.216
647,Melamie,Kevis,mkevishy@aboutads.info,Female,127.202.36.22
648,Millard,Betteridge,mbetteridgehz@earthlink.net,Male,107.186.196.175
649,Nesta,Strowan,nstrowani0@ucsd.edu,Male,149.105.91.109
650,Amelita,Silbert,asilberti1@xinhuanet.com,Genderqueer,198.3.245.134
651,Willetta,Killik,wkilliki2@engadget.com,Genderqueer,144.194.201.160
652,Arturo,Bordiss,abordissi3@yahoo.co.jp,Agender,86.194.157.20
653,Michele,Kencott,mkencotti4@washington.edu,Agender,226.17.133.28
654,Lorry,Frany,lfranyi5@pagesperso-orange.fr,Non-binary,110.248.51.208
655,Lucian,Matthewson,lmatthewsoni6@economist.com,Non-binary,111.15.246.122
656,Adrien,Gatley,agatleyi7@dion.ne.jp,Bigender,104.21.223.90
657,Edvard,Waber,ewaberi8@nyu.edu,Non-binary,243.104.52.151
658,Conan,Rheubottom,crheubottomi9@de.vu,Female,53.16.145.25
659,Harrietta,Leheude,hleheudeia@hibu.com,Bigender,17.210.32.108
660,Giorgi,Catlow,gcatlowib@1und1.de,Genderqueer,55.163.4.159
661,Ellwood,Yarnton,eyarntonic@uol.com.br,Agender,230.249.11.93
662,Valentine,Sarchwell,vsarchwellid@about.me,Bigender,166.33.19.172
663,Quinton,Claremont,qclaremontie@youtu.be,Non-binary,144.250.126.199
664,Clem,Poore,cpooreif@amazon.com,Female,208.248.74.243
665,Eleni,Stock,estockig@toplist.cz,Bigender,208.126.147.160
666,Esme,Sowthcote,esowthcoteih@tumblr.com,Agender,100.98.185.215
667,Starr,Edgecumbe,sedgecumbeii@zdnet.com,Polygender,236.143.248.45
668,Myra,Garratt,mgarrattij@t-online.de,Polygender,48.79.4.120
669,Jessalin,Plumley,jplumleyik@creativecommons.org,Agender,203.5.121.245
670,Jamil,Wornham,jwornhamil@census.gov,Non-binary,233.207.195.154
671,Tony,Matterdace,tmatterdaceim@geocities.jp,Male,196.231.30.105
672,Mella,Pearce,mpearcein@digg.com,Male,167.96.154.76
673,Torie,Draaisma,tdraaismaio@lulu.com,Non-binary,159.64.195.64
674,Elly,Piatto,epiattoip@yolasite.com,Agender,229.107.61.162
675,Dasya,Jotham,djothamiq@vimeo.com,Male,69.243.150.26
676,Charyl,Dzenisenka,cdzenisenkair@sohu.com,Female,149.18.159.251
677,Mathian,Tack,mtackis@phoca.cz,Genderfluid,212.193.226.49
678,Allianora,Champion,achampionit@mozilla.com,Female,251.151.120.80
679,Earvin,Gaine,egaineiu@lulu.com,Female,34.26.178.84
680,Dulciana,Matcham,dmatchamiv@github.io,Male,138.165.219.242
681,Pembroke,Rowlett,prowlettiw@amazon.de,Male,16.249.104.16
682,Nerti,Woodham,nwoodhamix@plala.or.jp,Non-binary,65.158.84.171
683,Harwilll,Ranshaw,hranshawiy@deliciousdays.com,Polygender,70.194.38.36
684,Halsey,Rylatt,hrylattiz@washingtonpost.com,Male,176.179.133.45
685,Katherine,Garrals,kgarralsj0@booking.com,Genderfluid,126.248.150.190
686,Aura,Kilborn,akilbornj1@t-online.de,Male,240.240.186.75
687,Amerigo,Lackinton,alackintonj2@hc360.com,Female,31.122.235.172
688,Sigfrid,Fairbeard,sfairbeardj3@sciencedaily.com,Male,211.62.21.136
689,Abigail,Whitecross,awhitecrossj4@dagondesign.com,Genderqueer,15.155.38.225
690,Burtie,Glanville,bglanvillej5@pagesperso-orange.fr,Female,130.56.91.16
691,Maxi,Havercroft,mhavercroftj6@cnet.com,Non-binary,160.88.178.108
692,Dane,Penddreth,dpenddrethj7@flavors.me,Non-binary,201.34.221.28
693,Uriah,Romaine,uromainej8@usgs.gov,Genderfluid,60.90.154.213
694,Georgi,Sirl,gsirlj9@hostgator.com,Bigender,176.58.158.198
695,Rolf,Gricks,rgricksja@godaddy.com,Genderqueer,99.162.139.232
696,Cloris,Fidgett,cfidgettjb@arizona.edu,Male,55.177.197.128
697,Lavinia,Nesbit,lnesbitjc@chronoengine.com,Genderqueer,246.162.150.143
698,Sarah,Heaton,sheatonjd@engadget.com,Agender,108.117.88.149
699,Donni,Caesman,dcaesmanje@yahoo.com,Female,144.148.213.31
700,Marleen,Dunridge,mdunridgejf@squidoo.com,Bigender,249.128.201.108
701,Putnem,Scantlebury,pscantleburyjg@privacy.gov.au,Bigender,132.236.238.44
702,Cynthea,Piperley,cpiperleyjh@flickr.com,Female,238.48.65.83
703,Karilynn,Ruggs,kruggsji@spiegel.de,Genderfluid,182.2.168.207
704,Helenka,Oatley,hoatleyjj@ustream.tv,Non-binary,95.11.183.33
705,Tobi,Kellar,tkellarjk@irs.gov,Male,161.188.127.13
706,Jdavie,Smiz,jsmizjl@free.fr,Bigender,247.235.222.134
707,Pippo,Hallowell,phallowelljm@amazon.com,Genderfluid,44.24.72.253
708,Kayley,Jasiak,kjasiakjn@nature.com,Polygender,224.134.82.197
709,Ania,Brecken,abreckenjo@cornell.edu,Bigender,63.159.17.245
710,Tynan,Maseyk,tmaseykjp@twitter.com,Bigender,56.102.51.206
711,Anna-maria,McDavid,amcdavidjq@unesco.org,Bigender,4.94.167.157
712,Duky,Fulham,dfulhamjr@surveymonkey.com,Male,136.222.138.158
713,Aila,Comben,acombenjs@businessweek.com,Genderfluid,57.209.105.92
714,Kermie,Ashe,kashejt@tamu.edu,Genderfluid,141.120.255.7
715,Karim,Leroy,kleroyju@paginegialle.it,Agender,237.165.177.164
716,Bryana,Andrzejak,bandrzejakjv@blinklist.com,Non-binary,246.226.245.68
717,George,Riveles,grivelesjw@surveymonkey.com,Non-binary,10.52.199.253
718,Janessa,Swann,jswannjx@mozilla.org,Female,216.84.254.36
719,Ulberto,Sapseed,usapseedjy@csmonitor.com,Polygender,43.172.113.104
720,Marlon,Collie,mcolliejz@tripadvisor.com,Genderqueer,46.187.166.197
721,Roger,Pettie,rpettiek0@github.com,Bigender,70.129.249.190
722,Ekaterina,Powles,epowlesk1@pcworld.com,Bigender,177.96.125.84
723,Loren,Johnes,ljohnesk2@bigcartel.com,Bigender,118.64.44.74
724,Elka,Prahl,eprahlk3@wordpress.org,Genderqueer,125.72.102.244
725,Gertruda,McLaine,gmclainek4@dedecms.com,Female,56.56.42.61
726,Denys,Harken,dharkenk5@issuu.com,Genderfluid,109.113.21.64
727,Artus,McCay,amccayk6@unicef.org,Male,116.141.48.11
728,Bailey,Vittel,bvittelk7@shutterfly.com,Female,255.26.198.241
729,Fenelia,Jachimiak,fjachimiakk8@hhs.gov,Female,29.140.143.131
730,Dieter,Joseff,djoseffk9@pinterest.com,Genderqueer,13.43.94.171
731,Alexis,Gayne,agayneka@4shared.com,Agender,179.22.97.170
732,Minnaminnie,Sprigin,mspriginkb@feedburner.com,Non-binary,125.137.23.18
733,Lock,Doswell,ldoswellkc@a8.net,Bigender,252.100.225.137
734,Gery,Arlett,garlettkd@ezinearticles.com,Genderfluid,207.250.16.253
735,Gaynor,Elliman,gellimanke@sciencedaily.com,Polygender,138.60.127.73
736,Adelina,Keyden,akeydenkf@hexun.com,Male,195.246.87.185
737,Gerhard,Golthorpp,ggolthorppkg@myspace.com,Agender,224.235.28.214
738,Deeyn,Fitchen,dfitchenkh@princeton.edu,Non-binary,185.29.221.120
739,Galvan,Hewertson,ghewertsonki@time.com,Genderqueer,245.162.129.23
740,Eartha,Giannini,egianninikj@rakuten.co.jp,Genderfluid,105.211.223.188
741,Christa,Endrici,cendricikk@vkontakte.ru,Bigender,9.5.89.65
742,Giovanni,Poynter,gpoynterkl@mediafire.com,Genderqueer,197.99.154.59
743,Ulberto,Grayling,ugraylingkm@sciencedirect.com,Genderfluid,112.131.169.119
744,Gun,Tristram,gtristramkn@arstechnica.com,Genderqueer,90.173.20.29
745,Biron,Cowden,bcowdenko@theguardian.com,Genderqueer,105.242.104.40
746,Elly,Girodier,egirodierkp@com.com,Genderqueer,17.83.160.59
747,Aurthur,Eyer,aeyerkq@toplist.cz,Male,199.171.30.226
748,Malory,Duncombe,mduncombekr@51.la,Non-binary,216.34.35.83
749,Gretel,Deere,gdeereks@nasa.gov,Non-binary,159.107.232.34
750,Eugine,Goodridge,egoodridgekt@spiegel.de,Agender,145.68.61.202
751,Mickey,Coode,mcoodeku@i2i.jp,Polygender,196.201.65.80
752,Hali,Jankovsky,hjankovskykv@domainmarket.com,Genderqueer,59.183.242.115
753,Hallie,Leefe,hleefekw@bluehost.com,Polygender,40.210.151.248
754,Emilee,Paulson,epaulsonkx@livejournal.com,Male,29.109.63.194
755,Tiphanie,Churms,tchurmsky@cnn.com,Agender,12.147.117.16
756,Marijn,Duckett,mduckettkz@163.com,Polygender,0.31.141.107
757,Robers,Peacham,rpeachaml0@scribd.com,Non-binary,90.248.105.186
758,Dillie,Baglin,dbaglinl1@reuters.com,Polygender,155.144.25.40
759,Jobie,Bonass,jbonassl2@topsy.com,Genderfluid,216.240.140.159
760,Bald,Paolozzi,bpaolozzil3@discovery.com,Genderqueer,11.184.7.118
761,Reidar,Simoneton,rsimonetonl4@wikia.com,Agender,229.5.103.229
762,Julie,Lyver,jlyverl5@infoseek.co.jp,Female,79.92.128.9
763,Jobey,Colly,jcollyl6@ed.gov,Female,106.248.236.85
764,Dukey,Barden,dbardenl7@walmart.com,Male,57.18.95.193
765,Hillel,Frogley,hfrogleyl8@mapy.cz,Male,252.155.20.1
766,Lucius,Tohill,ltohilll9@eventbrite.com,Non-binary,62.228.156.220
767,Welby,Pauly,wpaulyla@qq.com,Genderqueer,39.60.35.32
768,Arne,Mohammed,amohammedlb@ebay.co.uk,Male,225.195.35.131
769,Derward,Eicke,deickelc@instagram.com,Female,172.15.210.231
770,Philly,Tabb,ptabbld@bloomberg.com,Non-binary,249.227.226.135
771,Rossy,Heymann,rheymannle@macromedia.com,Female,75.217.121.34
772,Gabriella,Matlock,gmatlocklf@wordpress.org,Agender,211.243.23.253
773,Yolande,Eivers,yeiverslg@apple.com,Genderqueer,227.203.99.227
774,Cordy,Cescoti,ccescotilh@cargocollective.com,Genderfluid,55.59.204.45
775,Ody,Kenny,okennyli@tamu.edu,Genderqueer,68.213.251.138
776,Birk,Verma,bvermalj@scribd.com,Female,46.12.2.247
777,Kim,Somerfield,ksomerfieldlk@eventbrite.com,Polygender,5.36.166.54
778,Rosana,Lindberg,rlindbergll@telegraph.co.uk,Agender,173.84.130.106
779,Nixie,Garrigan,ngarriganlm@va.gov,Male,190.111.113.234
780,Vivianna,Spinelli,vspinelliln@amazon.com,Polygender,207.31.106.114
781,Marie-jeanne,De Cruce,mdecrucelo@newyorker.com,Bigender,137.228.25.97
782,Andros,Whitley,awhitleylp@statcounter.com,Polygender,94.49.141.205
783,Irene,Fonte,ifontelq@ca.gov,Agender,56.186.71.173
784,Ddene,Bountiff,dbountifflr@redcross.org,Agender,145.214.187.239
785,Roderic,Courtin,rcourtinls@reddit.com,Genderqueer,82.108.240.86
786,Nealson,Mullin,nmullinlt@wordpress.com,Agender,250.112.245.139
787,Warner,Lintin,wlintinlu@nifty.com,Genderqueer,151.190.161.213
788,Murdock,Hearthfield,mhearthfieldlv@bluehost.com,Genderfluid,217.135.58.233
789,Sophronia,Rielly,sriellylw@ihg.com,Polygender,9.230.187.102
790,Cosette,Drake,cdrakelx@jugem.jp,Genderqueer,37.79.29.210
791,Nicky,Ruby,nrubyly@newsvine.com,Male,128.174.154.57
792,Brandy,Landsborough,blandsboroughlz@upenn.edu,Genderqueer,208.208.106.122
793,Monte,Maccraw,mmaccrawm0@skyrock.com,Genderfluid,168.92.254.195
794,Mab,Couvert,mcouvertm1@shareasale.com,Polygender,122.101.171.41
795,Alberta,Sommerlie,asommerliem2@etsy.com,Non-binary,171.201.24.228
796,Daisie,Asey,daseym3@japanpost.jp,Polygender,6.230.183.145
797,Pauletta,Redmire,predmirem4@typepad.com,Female,203.105.35.85
798,Colby,Wordesworth,cwordesworthm5@live.com,Female,255.83.18.215
799,Rubi,Gumery,rgumerym6@cbslocal.com,Genderqueer,236.32.119.219
800,Sunshine,Accomb,saccombm7@fema.gov,Polygender,42.166.169.53
801,Spense,Roskelley,sroskelleym8@ycombinator.com,Polygender,162.15.133.113
802,Elayne,Kemmons,ekemmonsm9@sina.com.cn,Polygender,46.185.30.193
803,Phillis,Bulman,pbulmanma@theguardian.com,Bigender,125.21.182.166
804,Art,Wormstone,awormstonemb@nature.com,Female,152.18.129.253
805,Grannie,Dadson,gdadsonmc@wikia.com,Genderqueer,115.128.163.236
806,Aimee,Hardi,ahardimd@ask.com,Female,100.96.6.210
807,Terra,Cain,tcainme@macromedia.com,Genderfluid,109.183.134.84
808,Otis,Buckner,obucknermf@ocn.ne.jp,Bigender,135.211.229.27
809,Lincoln,Loudwell,lloudwellmg@guardian.co.uk,Female,229.205.31.207
810,Harwell,Roland,hrolandmh@joomla.org,Polygender,121.136.96.35
811,Jasmin,Newlands,jnewlandsmi@squarespace.com,Genderqueer,86.30.30.128
812,Sherwynd,McNirlin,smcnirlinmj@pinterest.com,Polygender,86.23.165.105
813,Arlina,Hance,ahancemk@webmd.com,Bigender,17.111.167.254
814,Katie,Gabbidon,kgabbidonml@mac.com,Male,20.111.94.54
815,Alix,Vasyutochkin,avasyutochkinmm@vinaora.com,Genderqueer,224.51.191.238
816,Isidor,Girardot,igirardotmn@chronoengine.com,Agender,97.95.181.172
817,Darb,Claypole,dclaypolemo@soundcloud.com,Genderfluid,140.20.20.21
818,Baird,Fones,bfonesmp@mapy.cz,Polygender,218.220.10.74
819,Miner,Mityushkin,mmityushkinmq@discovery.com,Male,232.99.121.161
820,Jeanie,Raithby,jraithbymr@yelp.com,Genderfluid,113.71.156.23
821,Hermione,Darbon,hdarbonms@1688.com,Non-binary,38.190.110.99
822,Agnola,Jowitt,ajowittmt@epa.gov,Male,26.157.215.113
823,Tova,Skelbeck,tskelbeckmu@mtv.com,Agender,99.149.12.23
824,Pet,Aleavy,paleavymv@theatlantic.com,Polygender,255.167.131.141
825,Marten,Burroughes,mburroughesmw@weebly.com,Male,99.227.206.235
826,Celinda,Ludwell,cludwellmx@cargocollective.com,Polygender,138.14.12.123
827,Mary,Gammell,mgammellmy@disqus.com,Non-binary,214.92.211.68
828,Candi,Ohanessian,cohanessianmz@ask.com,Genderqueer,178.32.253.99
829,Demetris,Swanton,dswantonn0@nifty.com,Female,110.157.155.155
830,Tilly,Cawthery,tcawtheryn1@loc.gov,Polygender,75.195.242.197
831,Codie,D'Onise,cdonisen2@a8.net,Female,141.103.150.85
832,Brandtr,Banaszczyk,bbanaszczykn3@storify.com,Female,12.27.212.232
833,Laurence,Ingraham,lingrahamn4@huffingtonpost.com,Female,70.233.99.234
834,Caroline,Andrei,candrein5@archive.org,Genderfluid,80.165.100.38
835,Stacy,Woodrooffe,swoodrooffen6@vinaora.com,Non-binary,63.5.149.124
836,Dari,Pollendine,dpollendinen7@google.com.br,Male,194.173.82.67
837,Jorrie,O'Bradane,jobradanen8@sciencedaily.com,Male,66.13.149.64
838,Val,Hamner,vhamnern9@nymag.com,Female,146.84.233.218
839,Charlena,Ruben,crubenna@list-manage.com,Polygender,70.30.158.211
840,Simon,Di Ruggero,sdiruggeronb@purevolume.com,Non-binary,126.233.50.82
841,Ardisj,Trowler,atrowlernc@cbc.ca,Agender,40.230.187.57
842,Wilden,Gaspard,wgaspardnd@wp.com,Female,134.41.104.43
843,Pate,Cornely,pcornelyne@google.co.uk,Agender,100.24.48.193
844,Cynthia,Durran,cdurrannf@bbb.org,Polygender,226.49.129.237
845,Quintus,Linning,qlinningng@fda.gov,Genderfluid,248.199.158.101
846,Phip,Aucourte,paucourtenh@twitter.com,Agender,205.9.38.109
847,Trey,Charley,tcharleyni@virginia.edu,Non-binary,11.234.201.225
848,Margery,Steptow,msteptownj@umich.edu,Genderqueer,234.247.12.89
849,Vanna,Chasemoore,vchasemoorenk@wordpress.com,Male,181.174.5.19
850,Quentin,Shelper,qshelpernl@europa.eu,Genderqueer,235.2.213.67
851,Patrizius,Chicco,pchicconm@usgs.gov,Genderqueer,128.81.44.87
852,Torrence,Rowler,trowlernn@about.me,Non-binary,38.144.112.166
853,Christoforo,Westmarland,cwestmarlandno@sphinn.com,Agender,50.114.137.243
854,Sonnie,Cockrill,scockrillnp@jugem.jp,Polygender,233.168.173.120
855,Adah,Cotman,acotmannq@soup.io,Agender,200.36.22.107
856,Annie,Embling,aemblingnr@uol.com.br,Polygender,154.224.38.21
857,Angeli,Tumasian,atumasianns@yahoo.com,Agender,184.117.236.198
858,Blake,Kares,bkaresnt@va.gov,Male,179.148.14.142
859,Auberta,Vaudre,avaudrenu@amazon.com,Genderqueer,222.149.222.80
860,Joni,Franzman,jfranzmannv@homestead.com,Polygender,190.212.101.232
861,Claiborn,Pearce,cpearcenw@sbwire.com,Agender,64.147.61.56
862,Bobette,Dalman,bdalmannx@storify.com,Bigender,203.254.200.1
863,Emmalynne,Mulbry,emulbryny@edublogs.org,Genderfluid,153.8.197.105
864,Corenda,Fane,cfanenz@rediff.com,Genderqueer,185.104.184.84
865,Quill,Louth,qloutho0@yahoo.com,Male,19.121.129.176
866,Guido,Lamers,glamerso1@yahoo.co.jp,Female,176.227.147.118
867,Gillan,Andrioni,gandrionio2@vk.com,Non-binary,165.22.213.64
868,Irena,Stanion,istaniono3@pinterest.com,Bigender,87.68.158.255
869,Gottfried,Jaksic,gjaksico4@eepurl.com,Genderfluid,90.28.247.189
870,Chelsy,Belloch,cbellocho5@hatena.ne.jp,Bigender,180.231.201.216
871,Laural,Deacon,ldeacono6@tumblr.com,Genderfluid,0.171.116.128
872,Aurilia,Elmes,aelmeso7@altervista.org,Non-binary,33.208.237.250
873,Brietta,Romand,bromando8@vistaprint.com,Genderfluid,216.66.15.233
874,Anselma,Heyworth,aheywortho9@feedburner.com,Genderqueer,51.157.171.52
875,Mathian,Beard,mbeardoa@nih.gov,Bigender,156.89.133.145
876,Devinne,Templeman,dtemplemanob@cdc.gov,Genderfluid,155.93.241.185
877,Lolita,Thacke,lthackeoc@moonfruit.com,Polygender,227.191.28.109
878,Ravi,Espinet,respinetod@behance.net,Agender,227.95.228.78
879,Shara,Teresi,steresioe@dot.gov,Agender,18.80.231.40
880,Kerry,Grindle,kgrindleof@sitemeter.com,Polygender,251.134.67.147
881,Deanne,Size,dsizeog@psu.edu,Bigender,221.235.126.23
882,Durante,Gething,dgethingoh@free.fr,Male,217.202.135.76
883,Angela,Fridlington,afridlingtonoi@jugem.jp,Female,228.185.3.50
884,Donavon,Powe,dpoweoj@washingtonpost.com,Genderqueer,34.29.10.31
885,Bethena,Marin,bmarinok@liveinternet.ru,Female,167.216.14.5
886,Ede,Littleover,elittleoverol@yale.edu,Female,125.75.60.185
887,Lovell,Heinsh,lheinshom@so-net.ne.jp,Non-binary,106.187.54.235
888,Tim,Huws,thuwson@reverbnation.com,Female,11.164.48.125
889,Livvy,Aggs,laggsoo@java.com,Genderfluid,40.47.69.194
890,Virgie,Rosenthaler,vrosenthalerop@netscape.com,Polygender,165.196.29.45
891,Morrie,Balfre,mbalfreoq@cbc.ca,Polygender,104.74.135.18
892,Marla,Lenden,mlendenor@google.co.uk,Male,194.212.10.37
893,Tomkin,Cattermole,tcattermoleos@a8.net,Genderfluid,182.209.135.172
894,Gearard,Josephoff,gjosephoffot@ucoz.ru,Female,233.225.45.11
895,Gare,Maloney,gmaloneyou@hibu.com,Non-binary,112.250.35.121
896,Lisbeth,Klemencic,lklemencicov@ucoz.ru,Genderqueer,225.120.219.62
897,Krisha,Rippen,krippenow@google.ru,Non-binary,223.88.223.99
898,Sheffield,Kosiada,skosiadaox@nydailynews.com,Male,191.247.84.248
899,Hyatt,Claffey,hclaffeyoy@loc.gov,Male,243.51.74.43
900,Gayler,Vasnev,gvasnevoz@ucsd.edu,Non-binary,37.214.37.46
901,Adelina,Ellerbeck,aellerbeckp0@go.com,Agender,6.180.231.155
902,Tait,Faircley,tfaircleyp1@mediafire.com,Agender,134.191.255.118
903,Mahala,Sheardown,msheardownp2@shareasale.com,Polygender,185.18.174.227
904,Dicky,Mordon,dmordonp3@flickr.com,Bigender,26.144.245.43
905,Esteban,Weatherdon,eweatherdonp4@businessweek.com,Non-binary,34.114.231.45
906,Matti,Timms,mtimmsp5@g.co,Genderqueer,38.214.50.243
907,Janet,Carlisle,jcarlislep6@dailymail.co.uk,Genderfluid,17.53.31.55
908,Phillipe,MacCorkell,pmaccorkellp7@qq.com,Bigender,1.99.95.186
909,Modesta,Lakeland,mlakelandp8@latimes.com,Polygender,115.146.18.66
910,Irv,Olver,iolverp9@yolasite.com,Genderqueer,60.215.247.211
911,Sophronia,Tire,stirepa@delicious.com,Bigender,146.243.188.22
912,Jerrylee,Ellerker,jellerkerpb@mit.edu,Bigender,86.63.124.101
913,Erica,Skelding,eskeldingpc@independent.co.uk,Genderqueer,72.115.77.0
914,Danica,Doyle,ddoylepd@ehow.com,Polygender,96.69.224.173
915,Renelle,Morris,rmorrispe@vinaora.com,Genderqueer,0.228.150.87
916,Horatia,Bogges,hboggespf@virginia.edu,Male,244.216.182.226
917,Faustine,Lenden,flendenpg@huffingtonpost.com,Genderqueer,199.64.38.133
918,Jim,Goodright,jgoodrightph@google.com.hk,Male,6.72.222.51
919,Tedman,Lutwidge,tlutwidgepi@deviantart.com,Bigender,96.204.182.169
920,Jared,Brehat,jbrehatpj@ow.ly,Non-binary,51.25.84.240
921,Smitty,Allsworth,sallsworthpk@jimdo.com,Female,210.67.158.139
922,Shell,Mackelworth,smackelworthpl@wsj.com,Female,31.140.253.181
923,Benyamin,Fife,bfifepm@state.gov,Genderfluid,55.120.231.2
924,Dorotea,MacCaig,dmaccaigpn@google.co.uk,Agender,66.81.116.251
925,Dagmar,Cathro,dcathropo@seesaa.net,Genderfluid,251.13.192.248
926,Vicki,Grigorescu,vgrigorescupp@blogs.com,Non-binary,184.84.53.137
927,Morse,Gomez,mgomezpq@bandcamp.com,Agender,174.14.63.177
928,Delcine,Inkster,dinksterpr@imgur.com,Non-binary,107.65.63.181
929,Roxy,McQuaide,rmcquaideps@mac.com,Agender,196.142.234.45
930,Clemens,Jahan,cjahanpt@nsw.gov.au,Non-binary,46.122.135.203
931,Liz,Mulligan,lmulliganpu@hao123.com,Genderqueer,173.91.150.114
932,Georgetta,Rumbellow,grumbellowpv@apache.org,Agender,88.99.219.4
933,Elonore,Sidaway,esidawaypw@list-manage.com,Polygender,167.127.29.152
934,Vernice,Vondrak,vvondrakpx@ezinearticles.com,Bigender,237.42.234.62
935,Halley,Gelling,hgellingpy@slate.com,Polygender,110.81.160.193
936,Charlena,Timby,ctimbypz@narod.ru,Agender,47.159.153.39
937,Phylis,Gregersen,pgregersenq0@weather.com,Agender,80.69.118.119
938,Franz,Trewhella,ftrewhellaq1@alibaba.com,Genderfluid,107.30.74.80
939,Sandye,Woolveridge,swoolveridgeq2@php.net,Genderfluid,42.176.231.159
940,Rudy,Sterke,rsterkeq3@yellowpages.com,Male,143.147.142.63
941,Jemmie,Woodard,jwoodardq4@buzzfeed.com,Genderqueer,75.107.223.201
942,Aland,Dallinder,adallinderq5@yandex.ru,Non-binary,101.224.33.220
943,Lammond,Schachter,lschachterq6@comcast.net,Non-binary,110.87.227.116
944,Annetta,Ricca,ariccaq7@shareasale.com,Polygender,179.251.146.230
945,Ludwig,Elizabeth,lelizabethq8@aol.com,Non-binary,224.47.161.20
946,Judd,Anyene,janyeneq9@sphinn.com,Bigender,220.0.161.134
947,Daune,Lugard,dlugardqa@altervista.org,Male,64.218.58.182
948,Faulkner,Emerine,femerineqb@fda.gov,Female,130.210.149.208
949,Bobbie,Parmby,bparmbyqc@trellian.com,Genderqueer,79.106.93.204
950,Park,Lamswood,plamswoodqd@phpbb.com,Agender,243.211.16.174
951,Jaquenetta,Matias,jmatiasqe@earthlink.net,Female,130.43.44.178
952,Molli,Hamblen,mhamblenqf@cafepress.com,Genderfluid,99.1.237.6
953,Laurence,Queyeiro,lqueyeiroqg@cam.ac.uk,Genderfluid,214.236.186.10
954,Kennan,Astlatt,kastlattqh@prlog.org,Agender,99.179.19.234
955,Maxi,Maharry,mmaharryqi@angelfire.com,Non-binary,199.139.120.47
956,Katha,Giacobilio,kgiacobilioqj@360.cn,Non-binary,19.176.225.196
957,Ruggiero,Owtram,rowtramqk@google.co.uk,Male,149.133.26.1
958,Deloria,Nussii,dnussiiql@php.net,Bigender,5.100.98.255
959,Brand,Ciobutaru,bciobutaruqm@army.mil,Female,185.73.185.24
960,Dalston,Ramsden,dramsdenqn@imageshack.us,Male,196.182.44.185
961,Tilly,Lelande,tlelandeqo@t.co,Polygender,230.190.233.20
962,Wilma,Brosio,wbrosioqp@ustream.tv,Female,177.172.109.4
963,Christoph,Borrett,cborrettqq@unc.edu,Male,12.35.112.5
964,Hobey,Moncrefe,hmoncrefeqr@sohu.com,Polygender,126.88.109.44
965,Ardra,Steeples,asteeplesqs@utexas.edu,Male,38.229.196.251
966,Sherman,Sproson,ssprosonqt@cargocollective.com,Non-binary,32.205.3.215
967,Kerwinn,Laydel,klaydelqu@marriott.com,Non-binary,27.26.158.118
968,Tabina,Amps,tampsqv@naver.com,Non-binary,210.198.104.92
969,Kaitlyn,Wroath,kwroathqw@twitter.com,Agender,148.148.195.3
970,Wilmette,Petrelluzzi,wpetrelluzziqx@accuweather.com,Bigender,36.88.169.198
971,Rock,Janca,rjancaqy@1688.com,Female,3.248.168.236
972,Glynnis,Blasing,gblasingqz@state.tx.us,Genderfluid,92.199.110.129
973,Cathrine,Nowak,cnowakr0@mysql.com,Non-binary,35.254.111.239
974,Rea,Zupa,rzupar1@nasa.gov,Male,12.202.60.167
975,Blanch,Hayles,bhaylesr2@google.co.uk,Male,32.246.151.248
976,Irene,Stirley,istirleyr3@exblog.jp,Female,206.195.216.36
977,Sarette,Hedde,shedder4@tamu.edu,Polygender,42.65.53.34
978,Vin,Foort,vfoortr5@dmoz.org,Male,160.249.155.59
979,Ambrose,Aiers,aaiersr6@state.tx.us,Genderqueer,159.97.153.117
980,Thorstein,Witherop,twitheropr7@fc2.com,Agender,35.135.138.104
981,Cyndie,Wickens,cwickensr8@hubpages.com,Bigender,190.250.115.32
982,Elli,Morillas,emorillasr9@joomla.org,Bigender,20.241.21.82
983,Aron,Zannotti,azannottira@economist.com,Bigender,99.54.66.255
984,Audie,Shillitto,ashillittorb@ca.gov,Male,77.205.60.103
985,Umeko,Rakes,urakesrc@unicef.org,Agender,125.56.8.44
986,Nadya,Barrow,nbarrowrd@mediafire.com,Agender,237.211.15.112
987,Sascha,Dmytryk,sdmytrykre@yandex.ru,Non-binary,137.48.143.97
988,Angelle,Cromarty,acromartyrf@oakley.com,Female,172.85.130.234
989,Rayner,Darlasson,rdarlassonrg@bloomberg.com,Female,134.60.105.221
990,Slade,Cardenosa,scardenosarh@irs.gov,Non-binary,199.36.126.165
991,Tomas,Obray,tobrayri@soundcloud.com,Bigender,49.135.80.51
992,Gwenore,Petrusch,gpetruschrj@cocolog-nifty.com,Agender,88.168.57.238
993,Dare,Drinkwater,ddrinkwaterrk@adobe.com,Non-binary,247.238.123.195
994,Genni,Le Teve,gleteverl@infoseek.co.jp,Polygender,195.83.212.239
995,Perl,Taplow,ptaplowrm@howstuffworks.com,Bigender,218.193.136.90
996,Ezra,Nevet,enevetrn@surveymonkey.com,Genderqueer,180.184.167.125
997,Cherri,Conaghan,cconaghanro@psu.edu,Female,157.168.180.71
998,Caren,Strippel,cstrippelrp@360.cn,Genderfluid,133.113.99.236
999,Woody,Langstaff,wlangstaffrq@technorati.com,Genderfluid,76.92.154.131
1000,Kalina,Charette,kcharetterr@ehow.com,Polygender,143.199.182.50
